{
  "project_info": {
    "project_number": "689988209453",
    "project_id": "doctorfinder-371dd",
    "storage_bucket": "doctorfinder-371dd.appspot.com"
  },
  "client": [
    {
      "client_info": {
        "mobilesdk_app_id": "1:689988209453:android:378cf5c2d7a61d2ba861a4",
        "android_client_info": {
          "package_name": "com.dev.doctorfinder"
        }
      },
      "oauth_client": [
        {
          "client_id": "689988209453-pfslr5m2iigo60fd28d1khc6tm28jnl0.apps.googleusercontent.com",
          "client_type": 3
        }
      ],
      "api_key": [
        {
          "current_key": "AIzaSyDdjKZedjnApDFs4scV9eQ76hOjQqoh9ns"
        }
      ],
      "services": {
        "appinvite_service": {
          "other_platform_oauth_client": [
            {
              "client_id": "689988209453-pfslr5m2iigo60fd28d1khc6tm28jnl0.apps.googleusercontent.com",
              "client_type": 3
            }
          ]
        }
      }
    }
  ],
  "configuration_version": "1"
}